Enero;Febrero;Marzo;Abril;Mayo;Junio;Julio;Agosto;Septiembre;Octubre;Noviembre;Diciembre
08:55 17:57;08:39 18:34;07:58 19:12;08:03 20:50;07:15 21:25;06:45 21:57;06:47 22:07;07:13 21:45;07:48 20:58;08:21 20:04;07:59 18:14;08:36 17:48
08:55 17:58;08:38 18:35;07:56 19:13;08:02 20:51;07:14 21:26;06:44 21:58;06:47 22:07;07:14 21:44;07:49 20:56;08:22 20:02;08:00 18:13;08:37 17:48
08:55 17:59;08:37 18:36;07:55 19:15;08:00 20:52;07:12 21:27;06:44 21:58;06:48 22:07;07:16 21:43;07:50 20:54;08:23 20:00;08:01 18:12;08:38 17:48
08:55 18:00;08:36 18:38;07:53 19:16;07:58 20:53;07:11 21:28;06:44 21:59;06:48 22:07;07:17 21:41;07:51 20:53;08:24 19:58;08:03 18:10;08:39 17:47
08:55 18:01;08:35 18:39;07:51 19:17;07:56 20:54;07:10 21:30;06:43 22:00;06:49 22:06;07:18 21:40;07:52 20:51;08:26 19:57;08:04 18:09;08:40 17:47
08:55 18:02;08:33 18:40;07:50 19:18;07:55 20:56;07:08 21:31;06:43 22:00;06:50 22:06;07:19 21:39;07:53 20:49;08:27 19:55;08:05 18:08;08:41 17:47
08:55 18:03;08:32 18:42;07:48 19:20;07:53 20:57;07:07 21:32;06:43 22:01;06:50 22:05;07:20 21:37;07:54 20:47;08:28 19:53;08:07 18:07;08:42 17:47
08:55 18:04;08:31 18:43;07:46 19:21;07:51 20:58;07:06 21:33;06:42 22:02;06:51 22:05;07:21 21:36;07:55 20:46;08:29 19:51;08:08 18:06;08:43 17:47
08:55 18:05;08:30 18:45;07:44 19:22;07:50 20:59;07:05 21:34;06:42 22:02;06:52 22:05;07:22 21:35;07:56 20:44;08:30 19:50;08:09 18:04;08:44 17:47
08:54 18:06;08:28 18:46;07:43 19:23;07:48 21:00;07:03 21:35;06:42 22:03;06:53 22:04;07:23 21:33;07:57 20:42;08:31 19:48;08:10 18:03;08:45 17:47
08:54 18:07;08:27 18:47;07:41 19:25;07:46 21:01;07:02 21:36;06:42 22:03;06:53 22:04;07:24 21:32;07:59 20:40;08:33 19:46;08:12 18:02;08:46 17:47
08:54 18:08;08:26 18:49;07:39 19:26;07:44 21:03;07:01 21:37;06:42 22:04;06:54 22:03;07:25 21:30;08:00 20:38;08:34 19:45;08:13 18:01;08:46 17:47
08:53 18:09;08:24 18:50;07:37 19:27;07:43 21:04;07:00 21:38;06:42 22:04;06:55 22:02;07:27 21:29;08:01 20:36;08:35 19:43;08:14 18:00;08:47 17:47
08:53 18:11;08:23 18:51;07:36 19:28;07:41 21:05;06:59 21:40;06:42 22:05;06:56 22:02;07:28 21:27;08:02 20:35;08:36 19:41;08:16 17:59;08:48 17:48
08:52 18:12;08:21 18:53;07:34 19:29;07:39 21:06;06:58 21:41;06:42 22:05;06:57 22:01;07:29 21:26;08:03 20:33;08:37 19:40;08:17 17:58;08:49 17:48
08:52 18:13;08:20 18:54;07:32 19:31;07:38 21:07;06:57 21:42;06:42 22:06;06:58 22:00;07:30 21:24;08:04 20:31;08:39 19:38;08:18 17:57;08:49 17:48
08:51 18:14;08:19 18:55;07:30 19:32;07:36 21:09;06:56 21:43;06:42 22:06;06:58 22:00;07:31 21:23;08:05 20:29;08:40 19:36;08:19 17:57;08:50 17:48
08:51 18:15;08:17 18:57;07:28 19:33;07:35 21:10;06:55 21:44;06:42 22:06;06:59 21:59;07:32 21:21;08:06 20:27;08:41 19:35;08:21 17:56;08:51 17:49
08:50 18:17;08:16 18:58;07:27 19:34;07:33 21:11;06:54 21:45;06:42 22:07;07:00 21:58;07:33 21:20;08:07 20:26;08:42 19:33;08:22 17:55;08:51 17:49
08:50 18:18;08:14 18:59;07:25 19:35;07:31 21:12;06:53 21:46;06:42 22:07;07:01 21:57;07:34 21:18;08:09 20:24;08:44 19:32;08:23 17:54;08:52 17:50
08:49 18:19;08:13 19:01;07:23 19:37;07:30 21:13;06:52 21:47;06:43 22:07;07:02 21:56;07:35 21:16;08:10 20:22;08:45 19:30;08:24 17:53;08:52 17:50
08:48 18:20;08:11 19:02;07:21 19:38;07:28 21:14;06:51 21:48;06:43 22:07;07:03 21:56;07:36 21:15;08:11 20:20;08:46 19:28;08:26 17:53;08:53 17:51
08:47 18:22;08:09 19:03;07:20 19:39;07:27 21:16;06:51 21:49;06:43 22:07;07:04 21:55;07:38 21:13;08:12 20:18;08:47 19:27;08:27 17:52;08:53 17:51
08:47 18:23;08:08 19:04;07:18 19:40;07:25 21:17;06:50 21:50;06:43 22:07;07:05 21:54;07:39 21:12;08:13 20:16;08:49 19:25;08:28 17:51;08:54 17:52
08:46 18:24;08:06 19:06;07:16 19:41;07:24 21:18;06:49 21:51;06:44 22:08;07:06 21:53;07:40 21:10;08:14 20:15;08:50 19:24;08:29 17:51;08:54 17:52
08:45 18:26;08:05 19:07;07:14 19:43;07:22 21:19;06:48 21:52;06:44 22:08;07:07 21:52;07:41 21:08;08:15 20:13;08:51 19:23;08:30 17:50;08:54 17:53
08:44 18:27;08:03 19:08;07:12 19:44;07:21 21:20;06:48 21:53;06:45 22:08;07:08 21:51;07:42 21:07;08:16 20:11;07:52 18:21;08:32 17:50;08:55 17:54
08:43 18:28;08:01 19:10;07:11 19:45;07:19 21:21;06:47 21:53;06:45 22:08;07:09 21:50;07:43 21:05;08:17 20:09;07:54 18:20;08:33 17:49;08:55 17:55
08:42 18:30;08:00 19:11;07:09 19:46;07:18 21:23;06:46 21:54;06:46 22:07;07:10 21:48;07:44 21:03;08:19 20:07;07:55 18:18;08:34 17:49;08:55 17:55
08:41 18:31;;07:07 19:47;07:16 21:24;06:46 21:55;06:46 22:07;07:11 21:47;07:45 21:01;08:20 20:06;07:56 18:17;08:35 17:49;08:55 17:56
08:40 18:32;;08:05 20:49;;06:45 21:56;;07:12 21:46;07:46 21:00;;07:57 18:15;;08:55 17:57
